{"cameraMode":{"drawMode":0,"name":"Shaded","section":"Shading Mode"},"sceneLighting":true,"audioPlay":false,"sceneViewState":{"m_AlwaysRefresh":false,"showFog":true,"showSkybox":true,"showFlares":true,"showImageEffects":true,"showParticleSystems":true,"showVisualEffectGraphs":true,"m_FxEnabled":true},"in2DMode":false,"pivot":{"x":5.724292755126953,"y":3.7841506004333498,"z":23.245094299316408},"rotation":{"x":-0.018390892073512079,"y":-0.9820610880851746,"z":0.12744225561618806,"w":-0.1390574425458908},"size":8.720208168029786,"orthographic":false}